name,source
1773586390010-m596w5nhuaj.jpeg,real
1773586408325-3725ay6wni3.jpeg,real
1773586426912-mb9e6d8b3zb.jpeg,real
1773585852916-w7z2e2h18e.jpg,random
1773585866667-z2jy4dttaxf.jpg,random
1773585884635-vef2gp3485.jpg,random
1773585908404-lxautmtf0js.jpg,random
1773585916106-1ev1tj7lzo.jpg,random
1773585573707-j4rtpfud1k.jpeg,real
1773585628831-ehvssqkgw9s.jpg,random
1773585643555-mnuopl91dqj.jpg,random
1773585659755-z6uzvoo7lh.jpg,random
1773585668163-vvch5i4th1d.jpg,random
1773585677846-23yccyemrlr.jpg,random
1773680793405-oqpqdmvpjlo.jpeg,real
1773680810228-gdjgroigv6b.jpeg,random
1773680822894-nuupa21j3ti.jpeg,random
1773680848403-rtaqwov1u7n.jpeg,random
1773680887650-oxh3jtl5bjn.jpeg,random
1773680913458-u0yv6gjovhq.jpeg,random
1773680920730-fgq7l4w4alb.jpeg,random
1773680934022-3bxyok3585a.jpeg,random
1773680949790-p1hrr3zjag.jpeg,random
1773680971596-9rhuxevub8h.jpeg,random
1773653822524-66rcem6u1m.jpg,random
1773653841149-h1j4wqbokoj.jpg,random
1773653847380-eeu021aald.jpg,random
1773653860602-pir7ir621sb.jpg,random
1773653864015-2l83n7j7fp8.jpg,random
1773653867822-tetcpgn4pzl.jpg,random
1773653870329-k1r24nmbiv.jpg,random
1773653874157-b9nq331bzpf.jpg,random
1773653892400-go1shijnlrr.jpg,random
1773653894580-2es82agwcsf.jpg,random
1773685121682-n42jl1h3dg.jpg,random
1773685101165-sbh4i5wxnp.jpg,random
1773685073250-ptzmghpq4d.jpg,random
1773685087386-gb91y065q2w.jpg,random
1773839125062-0h3wde2ul2wh.jpg,real
1773839138801-gxqqgt0cyf.jpg,random
1773839141677-8d43jl3gf0y.jpg,random
1773839148557-qwdc2yornjr.jpg,random
1773839150456-e6pu959ql6.jpg,random
1773839154491-gfkxoldmehj.jpg,random
1773839160781-pvgqzordzan.jpg,random
1773839884298-86k2w10rawb.jpg,random
1773839899628-u7824loihb.jpg,random
1773839901984-ik2ut5wg4ps.jpg,random
1773839904300-cw8xelqf41c.jpg,random
1773839906630-dhpdygtngxw.jpg,random
1773839913765-00xbh8siwcjg.jpg,random
1773909031114-ue9kups005.jpg,random
1773909036014-cipcnqb9aba.jpg,random
1773909038421-1t9mfcveqnx.jpg,random
1773909041051-m8hfgrejkla.jpg,random
1773909043343-gdi4kfc5ha6.jpg,random
1773909048815-rmffp89y12.jpg,random
1773910279831-awipim9b7cs.jpg,random
1773910288789-ucv3u494t7k.jpg,random
1773910344431-ovgb4f7ri8.jpg,random
1773910294866-wqnvwo3bwv.jpg,random
1773910299527-jzxytsfuc2b.jpg,random
1773910306498-qyenffippne.jpg,random
1773910310487-tuwxt3pusg.jpg,random
1774173522273-zcwm5zruty.jpeg,real
1774173625838-154mt3ra5mh.jpeg,random
1774173773557-4457cmewgqt.jpeg,random
1774173862954-rk47epcsnsq.jpeg,random
1774357691523-14ce6ponlo7.jpg,random
1774357695950-7l3o4a5qoaf.jpg,random
1774357698909-ltdne7xhugm.jpg,random
1774357700738-tdy57sj2ivj.jpg,random
1774357702820-481d59suela.jpg,random
1774781276304-t4jm3wm0x4s.jpg,random
1774781285146-r89zu9c3reb.jpg,random
1774781290743-pck161wcbv.jpg,random
1774781295549-5iwheqik9fq.jpg,random
1774781297957-eavihfx3mn.jpg,random
1774781299243-j3so33t7ca.jpg,random
1774781303666-0phs1nzs9zxn.jpg,random
1776083456951-44hsx63q6nu.jpg,random
1776083473127-0cgi4s0ocgd8.jpg,random
1776083477199-7d61lod1g1h.jpg,random
1776083480656-m2j2m0kexoi.jpg,random
1776083483832-lbgyfhqr03.jpg,random
1776083487181-q52ffzpvqqf.jpg,random
1776083510717-88w5x80o1o3.jpg,random
1776083520230-dyd88meok2j.jpg,random
1776257123867-mq2p0toqnvd.jpg,random
1776257309655-0gdnj7l8uhmo.jpeg,real
1776257373390-bi75qcc8blg.jpeg,real
1776257232472-wwj8w5g6qxs.jpeg,real
1776257388440-65ikoxcublj.jpeg,real
1776331843874-8wq8f710vgq.jpg,random
1776331819988-xnj906ive3m.jpg,random
1776331949808-bvup4mq2nk.jpg,random
1776331957200-ebzl0ei02cu.jpg,random
1776331962198-jos6ppkitg.jpg,random
1776331982995-813misaydbr.jpg,random
1776587637512-s5fnd143hid.jpg,random
1776587683373-kgj0wg14ond.jpg,random
1776587712837-uq7xxwzbp5m.jpg,random
1776587716948-1locn88y41hh.jpg,random
1776587733434-pubaezgz3k.jpg,random
1776587735611-x5ehqsxpxqn.jpg,random
1776587741101-tyz5x906hqd.jpg,random
1776932598948-030vw64xqofs.jpg,random
1776932607048-75sxwvckbql.jpg,random
1776932616582-rra2841pa6.jpg,random
1776932620714-1rra9xifeko.jpg,random
1776932624378-k6s9ywdil59.jpg,random
1776934811966-gtebu1k47vo.jpeg,real
1776934816716-lp1e4ukdeo.jpeg,real
1776934820472-6ffs05gn0bt.jpeg,real
1776934823986-bxmspt6uo1.jpeg,real
1776955722666-otkbcdcooim.jpg,random
1776955726541-05qyk7j2v3gf.jpg,random
1776955730550-jkqlh12lqt.jpg,random
1776955732466-mwpr85zi9q9.jpg,random
1777196205335-erlyilk1rl.jpeg,real
1777196207557-zk2tjqvwdd.jpeg,random
1777196209687-ggnekziym7m.jpeg,random
1777196211511-9jl1gqbt4jr.jpeg,random
1777196213354-rwj54r6oqwo.jpeg,random
1777196215195-1vckea9d2u2.jpeg,random
1777196217743-68k87djnaqw.jpeg,random
1777196220034-6o738bztekm.jpeg,random
1777196685827-57xeiqooe1.jpeg,real
1777196688666-kzwr5wdlgv.jpeg,random
1777196690923-o39ln31sfui.jpeg,random
1777196693305-hbeiimmcreo.jpeg,random
1777196695479-uhugrf8qhre.jpeg,random
1777196698244-uywf1fyb9e8.jpeg,random
1777196700617-abxkeb6duc.jpeg,random
1777197307570-jqavdv4bcwk.jpeg,real
1777197310193-zrq4gs3uqri.jpeg,random
1777197317565-wcv1av12yj8.jpeg,random
1777197322568-naxmwb4wj6m.jpeg,random
1777197327299-7owrw1fjw2e.jpeg,random
1777197330554-ejtu3pp1t1m.jpeg,random
1777551023664-927y47y32nb.jpg,random
1777551026413-g5tea95pihl.jpg,random
1777551029436-r11nzhfkdeh.jpg,random
1777551032341-dw3u2j8wa4f.jpg,random
1777551034727-0i1fh26dw4gf.jpg,random
1777551039566-o0qwgbg5d0a.jpg,random
1777551059535-0wdziqhn5qa.jpg,random
1777551061952-kcnzp79har9.jpg,random
1777975129930-ckwdcfy70z5.jpeg,real
1777975134177-8niiyyb5szv.jpeg,random
1777975136685-9i7hmm56057.jpeg,random
1777975140448-y8me3n3n0rk.jpeg,random
1777975142690-d3b78vdqc6p.jpeg,random
1777975145131-q2ft88wzsi.jpeg,random
1778070179472-e2v4r9r1l57.jpg,random
1778070182802-v9g6yigd2ab.jpg,random
1778070185299-i4fhkapzr39.jpg,random
1778070191040-5f8lon0dkyn.jpg,random
1778070198968-sft4vd1wqq.jpg,random
1778070205834-xub9w4gz7el.jpg,random
1778137170086-k4gj9sgtfje.jpg,random
1778137175122-y93gbd5s82.jpg,random
1778137176649-bzcp8e1vtjb.jpg,random
1778137179214-8zwab3h772r.jpg,random
1778137186550-h25hwpsvgwv.jpg,random
1778137194117-bmgsutaf67m.jpg,random
1778137196059-em9s0t0rh.jpg,random
1778137208387-1bh1ekxqzbz.jpg,random
1778488858778-n6fyvig25fg.jpeg,real
1778488902528-n3tckjumci8.jpeg,real
1778488908822-k3i0jwqdk3o.jpeg,real
1778488915252-lsq5lpwptg9.jpeg,real
1778488931141-nctpo2v2lrq.jpeg,real
1778488942833-tdp7u72x1xt.jpeg,real
1778489004431-d2fdh11jqoa.jpeg,real
1778489030425-sh2u8gnkl8n.jpeg,real
1778574964718-f2mb61w7lss.jpg,random
1778574971240-l7ccz5mwup.jpg,random
1778574969072-8a3izool08i.jpg,random
1778574948140-7u8u44lf026.jpg,random
1778574972481-su0vlc2vn5.jpg,random
1778574973974-umwcefr4tt.jpg,random
1778574975296-u3oypt4mhl.jpg,random
1778574977163-qq7on6rqzie.jpg,random
1778574978873-5nfup5gtneu.jpg,random
1778660126737-s04d280aio.jpg,random
1778660129880-1c4jh9sht0b.jpg,random
1778660138039-txdr95zkvmj.jpg,random
1778660140429-l2is5gamyx8.jpg,random
1778660133889-38e4obdvkv2.jpg,random
1778660153475-k2ckdpa74ek.jpg,random
1778660145105-73spkb7k4ae.jpg,random
1778660147269-p92fq3isya.jpg,random
1778666919818-lzi89sxt3i.jpeg,real
1778666923503-tqp2fpb3pc9.jpeg,real
1778666925700-w1dj0gusw3h.jpeg,real
1778666928522-bo3ek31l78c.jpeg,real
1778666930966-kzyiiwzkg1.jpeg,real
1778666933972-2ctjp2n3wwn.jpeg,real
1778670208737-l134ty6jjz8.jpeg,random
1778670212779-98el9o8tzw.jpeg,random
1778670223963-qkxime28jp.jpeg,random
1778670231827-ve2x88iryxa.jpeg,random
1778670238241-7q75ijbxqe8.jpeg,random
1779611395824-9agci8rcv1o.jpg,random
1779611404336-8r9qyodmmb.jpg,random
1779611407284-yj4hfr0qo9.jpg,random
1779611413563-utlwgvjrwxj.jpg,random
1779611416448-81uri449ptl.jpg,random
1779611419000-4svgfjgeyta.jpg,random
1779611422277-8pxvydewn3t.jpg,random
1779611427558-ir9r7jx46x.jpg,random
1779611429588-gnqqff09pf.jpg,random
1780233811096-054yllp1gr38.jpg,random
1780233814835-fk49lfr95l9.jpg,random
1780233816839-yngiv9aafw.jpg,random
1780233819282-v67nyr350f8.jpg,random
1780233822482-qedtfts964h.jpg,random
1780233825520-e26gwnw1im.jpg,random
1780233843732-wvrk827uno.jpg,random
1780233867893-pyk4i6mcyd.jpg,random
1780233869928-4d15w0tq45p.jpg,random
1780233876547-gkb642agx5u.jpg,random
1780393957594-69dyygytd3t.jpg,real
1780393971905-bzvc9so3ydw.jpg,random
1780393975262-8wf3e6xga1c.jpg,random
1780393977964-ji0iohct3j.jpg,random
1780393980764-gdxoffqyfrc.jpg,random
1780478555029-gcl6ohhcc4w.jpeg,real
1780478563848-shdxjh0xg7r.jpeg,real
1780478570362-yigbqu3ixwa.jpeg,real
1780478574999-yspbmp6uwr.jpeg,real
1780478585637-jpwixpd6yr.jpeg,real
1781003095689-o5zsepa2k88.jpeg,real
1781003100969-ii449of3pb.jpeg,real
1781003107347-wp2ctmkezci.jpeg,real
1781003110651-snvds6z8nb.jpeg,real
1781003115989-503fgl6od9b.jpeg,real
1781448750913-s4w8y6w8wkb.jpg,random
1781448753028-a95auwjnqiv.jpg,random
1781448764749-ghgdscjaite.jpg,random
1781448766430-uupgdnrav3n.jpg,random
1781448770092-rpr5f4f4ojk.jpg,random
1781448772324-vlchsqn8oid.jpg,random
1781448783991-vzkpj8qin3o.jpg,random
1781448787711-1v2tjaydpur.jpg,random
1781448796869-ooyvwhs4u9.jpg,random